<?xml version="1.0" encoding="UTF-8"?>
<project-private xmlns="http://www.netbeans.org/ns/project-private/1">
    <editor-bookmarks xmlns="http://www.netbeans.org/ns/editor-bookmarks/2" lastBookmarkId="0"/>
    <open-files xmlns="http://www.netbeans.org/ns/projectui-open-files/2">
        <group>
            <file>file:/home/osiel/Downloads/poo/Practica07/src/edu/upv/poo/Devoluciones.java</file>
            <file>file:/home/osiel/Downloads/poo/Practica07/src/edu/upv/poo/Devolucion.java</file>
            <file>file:/home/osiel/Downloads/poo/Practica07/src/edu/upv/poo/dataaccess/PersonaDao.java</file>
            <file>file:/home/osiel/Downloads/poo/Practica07/src/edu/upv/poo/dataaccess/UsuarioDao.java</file>
            <file>file:/home/osiel/Downloads/poo/Practica07/src/edu/upv/poo/DbUtils.java</file>
            <file>file:/home/osiel/Downloads/poo/Practica07/src/edu/upv/poo/Login.java</file>
            <file>file:/home/osiel/Downloads/poo/Practica07/src/edu/upv/poo/RegistrarUsuarios.java</file>
            <file>file:/home/osiel/Downloads/poo/Practica07/src/edu/upv/poo/dataaccess/AutoDao.java</file>
            <file>file:/home/osiel/Downloads/poo/Practica07/src/edu/upv/poo/dataaccess/PrestamoDao.java</file>
            <file>file:/home/osiel/Downloads/poo/Practica07/src/edu/upv/poo/RegistrarCliente.java</file>
        </group>
    </open-files>
</project-private>
