<?xml version="1.0" encoding="UTF-8"?>
<project-private xmlns="http://www.netbeans.org/ns/project-private/1">
    <editor-bookmarks xmlns="http://www.netbeans.org/ns/editor-bookmarks/2" lastBookmarkId="0"/>
    <open-files xmlns="http://www.netbeans.org/ns/projectui-open-files/2">
        <group>
            <file>file:/home/osiel/Downloads/Practica07/Practica07/src/edu/upv/poo/dataaccess/PrestamoDao.java</file>
            <file>file:/home/osiel/Downloads/Practica07/Practica07/src/edu/upv/poo/FramePrestamo.java</file>
            <file>file:/home/osiel/Downloads/Practica07/Practica07/src/edu/upv/poo/ActualizarAuto.java</file>
            <file>file:/home/osiel/Downloads/Practica07/Practica07/src/edu/upv/poo/ConsultarUsuarios.java</file>
            <file>file:/home/osiel/Downloads/Practica07/Practica07/src/edu/upv/poo/ConsultarAutos.java</file>
            <file>file:/home/osiel/Downloads/Practica07/Practica07/src/edu/upv/poo/RegistrarCliente.java</file>
            <file>file:/home/osiel/Downloads/Practica07/Practica07/src/edu/upv/poo/ActualizarCliente.java</file>
            <file>file:/home/osiel/Downloads/Practica07/Practica07/src/edu/upv/poo/MainApp.java</file>
            <file>file:/home/osiel/Downloads/Practica07/Practica07/src/edu/upv/poo/RegistrarUsuarios.java</file>
            <file>file:/home/osiel/Downloads/Practica07/Practica07/src/edu/upv/poo/dataaccess/AutoDao.java</file>
            <file>file:/home/osiel/Downloads/Practica07/Practica07/src/edu/upv/poo/Login.java</file>
            <file>file:/home/osiel/Downloads/Practica07/Practica07/src/edu/upv/poo/ActualizarUsuario.java</file>
            <file>file:/home/osiel/Downloads/Practica07/Practica07/src/edu/upv/poo/dbmodels/Auto.java</file>
            <file>file:/home/osiel/Downloads/Practica07/Practica07/src/edu/upv/poo/dbmodels/Prestamo.java</file>
            <file>file:/home/osiel/Downloads/Practica07/Practica07/src/edu/upv/poo/ConsultarClientes.java</file>
            <file>file:/home/osiel/Downloads/Practica07/Practica07/src/edu/upv/poo/dataaccess/PersonaDao.java</file>
            <file>file:/home/osiel/Downloads/Practica07/Practica07/src/edu/upv/poo/dataaccess/UsuarioDao.java</file>
            <file>file:/home/osiel/Downloads/Practica07/Practica07/src/edu/upv/poo/RegistrarAuto.java</file>
            <file>file:/home/osiel/Downloads/Practica07/Practica07/src/edu/upv/poo/App.java</file>
        </group>
    </open-files>
</project-private>
